name,skilltype,role,Basic,Bonus,static1,static2,static3,dynamic1,dynamic2,dynamic3,Static1,Static2,Static3,Dynamic1,Dynamic2,Dynamic3,probability,duration,cooltime,coolshare,effect
AE36 붕괴,active,atk,"마도서 공격력의 200% 위력으로 스킬 공격하고, 8초간 1초마다 마도서 공격력의 16% 위력으로 고정 피해를 준다.","마도서 공격력의 260% 위력으로 스킬 공격하고, 8초간 1초마다 마도서 공격력의 19% 위력으로 고정 피해를 준다.",2,0.16,0,,,,2.6,0.19,0,,,,0,8,8,,ski/dot
"Hello, world!",passive,atk,"기본 공격 시 12.5% 확률로 14초간 자신의 스킬 공격력을 ,1,% 증가시킨다.",기본 공격 시 16% 확률로 14초간 자신의 스킬 공격력을 `1`% 증가시킨다.,3.01,0,0,0.0171,,,3.22,0,0,lea,,,0.16,14,18,1,stk
KANG-TA!,active,atk,마도서 공격력의 311% 위력으로 스킬 공격한다.,마도서 공격력의 374% 위력으로 스킬 공격한다.,3.11,0,0,,,,3.74,0,0,,,,0,,8,,ski
갈취 III,active,atk,"덱 공격력의 ,1,% 위력으로 일반 공격하고, 피해량의 6%만큼 체력을 회복한다.","덱 공격력의 `1`% 위력으로 일반 공격하고, 피해량의 6%만큼 체력을 회복한다.",0.08,0.06,0,0.00085,,,0.11,0.06,0,lea,,,0,,10,,Nor/dra
갈취 IV,active,atk,"덱 공격력의 ,1,% 위력으로 일반 공격하고, 피해량의 6%만큼 체력을 회복한다.","덱 공격력의 `1`% 위력으로 일반 공격하고, 피해량의 6%만큼 체력을 회복한다.",0.1,0.06,0,0.00085,,,0.135,0.06,0,lea,,,0,,10,,Nor/dra
갈취 V,active,atk,"덱 공격력의 ,1,% 위력으로 일반 공격하고, 피해량의 6%만큼 체력을 회복한다.","덱 공격력의 `1`% 위력으로 일반 공격하고, 피해량의 6%만큼 체력을 회복한다.",0.12,0.06,0,0.00085,,,0.16,0.06,0,lea,,,0,,10,,Nor/dra
갈취 VI,active,atk,"덱 공격력의 ,1,% 위력으로 일반 공격하고, 피해량의 6%만큼 체력을 회복한다.","덱 공격력의 `1`% 위력으로 일반 공격하고, 피해량의 6%만큼 체력을 회복한다.",0.125,0.06,0,0.00085,,,0.165,0.06,0,lea,,,0,,10,,Nor/dra
강타 I,active,atk,마도서 공격력의 225% 위력으로 스킬 공격한다.,마도서 공격력의 266% 위력으로 스킬 공격한다.,2.25,0,0,,,,2.66,0,0,,,,0,,8,,ski
강타 II,active,atk,마도서 공격력의 247.5% 위력으로 스킬 공격한다.,마도서 공격력의 292% 위력으로 스킬 공격한다.,2.475,0,0,,,,2.92,0,0,,,,0,,8,,ski
강타 III,active,atk,마도서 공격력의 270% 위력으로 스킬 공격한다.,마도서 공격력의 318% 위력으로 스킬 공격한다.,2.7,0,0,,,,3.18,0,0,,,,0,,8,,ski
강타 IV,active,atk,마도서 공격력의 292.5% 위력으로 스킬 공격한다.,마도서 공격력의 344% 위력으로 스킬 공격한다.,2.925,0,0,,,,3.44,0,0,,,,0,,8,,ski
강타 V,active,atk,마도서 공격력의 315% 위력으로 스킬 공격한다.,마도서 공격력의 370% 위력으로 스킬 공격한다.,3.15,0,0,,,,3.7,0,0,,,,0,,8,,ski
강타 VI,active,atk,마도서 공격력의 337.5% 위력으로 스킬 공격한다.,마도서 공격력의 396% 위력으로 스킬 공격한다.,3.375,0,0,,,,3.96,0,0,,,,0,,8,,ski
격노 I,passive,atk,"자신의 모든 마도서 공격력을 ,1,% 증가시킨다.",자신의 모든 마도서 공격력을 `1`% 증가시킨다.,0.056,0,0,0.002153,,,0.09,0,0,lea,,,0,,,,atk
격노 II,passive,atk,"자신의 모든 마도서 공격력을 ,1,% 증가시킨다.",자신의 모든 마도서 공격력을 `1`% 증가시킨다.,0.072,0,0,0.002153,,,0.108,0,0,lea,,,0,,,,atk
격노 III,passive,atk,"자신의 모든 마도서 공격력을 ,1,% 증가시킨다.",자신의 모든 마도서 공격력을 `1`% 증가시킨다.,0.088,0,0,0.002153,,,0.12,0,0,lea,,,0,,,,atk
격노 IV,passive,atk,"자신의 모든 마도서 공격력을 ,1,% 증가시킨다.",자신의 모든 마도서 공격력을 `1`% 증가시킨다.,0.104,0,0,0.002153,,,0.132,0,0,lea,,,0,,,,atk
격노 V,passive,atk,"자신의 모든 마도서 공격력을 ,1,% 증가시킨다.",자신의 모든 마도서 공격력을 `1`% 증가시킨다.,0.12,0,0,0.002153,,,0.15,0,0,lea,,,0,,,,atk
격노 VI,passive,atk,"자신의 모든 마도서 공격력을 ,1,% 증가시킨다.",자신의 모든 마도서 공격력을 `1`% 증가시킨다.,0.132,0,0,0.002153,,,0.162,0,0,lea,,,0,,,,atk
격앙 IV,passive,atk,"자신의 모든 일반 공격력을 ,1,% 증가시킨다.",자신의 모든 일반 공격력을 `1`% 증가시킨다.,0.139,0,0,0.002368,,,0.176,0,0,lea,,,0,,,,ntk
격앙 V,passive,atk,"자신의 모든 일반 공격력을 ,1,% 증가시킨다.",자신의 모든 일반 공격력을 `1`% 증가시킨다.,0.16,0,0,0.002368,,,0.2,0,0,lea,,,0,,,,ntk
격분 I,passive,atk,"모든 파티원의 모든 마도서 공격력을 ,1,% 증가시킨다.",모든 파티원의 모든 마도서 공격력을 `1`% 증가시킨다.,0.028,0,0,0.001105,,,0.045,0,0,lea,,,0,,,,Atk
격분 II,passive,atk,"모든 파티원의 모든 마도서 공격력을 ,1,% 증가시킨다.",모든 파티원의 모든 마도서 공격력을 `1`% 증가시킨다.,0.036,0,0,0.001105,,,0.054,0,0,lea,,,0,,,,Atk
격분 III,passive,atk,"모든 파티원의 모든 마도서 공격력을 ,1,% 증가시킨다.",모든 파티원의 모든 마도서 공격력을 `1`% 증가시킨다.,0.044,0,0,0.001105,,,0.06,0,0,lea,,,0,,,,Atk
격분 IV,passive,atk,"모든 파티원의 모든 마도서 공격력을 ,1,% 증가시킨다.",모든 파티원의 모든 마도서 공격력을 `1`% 증가시킨다.,0.052,0,0,0.001105,,,0.066,0,0,lea,,,0,,,,Atk
격분 V,passive,atk,"모든 파티원의 모든 마도서 공격력을 ,1,% 증가시킨다.",모든 파티원의 모든 마도서 공격력을 `1`% 증가시킨다.,0.06,0,0,0.001105,,,0.075,0,0,lea,,,0,,,,Atk
격정 IV,passive,atk,"스킬 사용 시 12.5% 확률로 10초간 자신의 일반 공격력을 ,1,% 증가시킨다.",스킬 사용 시 15% 확률로 10초간 자신의 일반 공격력을 `1`% 증가시킨다.,0.4,0,0,0.005025,,,0.8,0,0,lea,,,0.15,10,17,1,ntk
격정 V,passive,atk,"스킬 사용 시 12.5% 확률로 10초간 자신의 일반 공격력을 ,1,% 증가시킨다.",스킬 사용 시 15% 확률로 10초간 자신의 일반 공격력을 `1`% 증가시킨다.,0.45,0,0,0.005025,,,0.9,0,0,lea,,,0.15,10,17,1,ntk
고냥 V,active,atk,"해당 마도서의 공격력을 100% 증가시키고, 마도서 공격력의 50% 위력으로 일반 공격,  8초간 1초마다 6% 위력으로 고정 피해를 준다.","해당 마도서의 공격력을 100% 증가시키고, 마도서 공격력의 80% 위력으로 일반 공격,  8초간 1초마다 8% 위력으로 고정 피해를 준다.",1,0.5,0.06,,,,1,0.8,0.08,,,,0,8,9,,ntk/nor/dot
고양 III,active,atk,"해당 마도서의 공격력을 80% 증가시키고, 마도서 공격력의 50% 위력으로 일반 공격한다.","해당 마도서의 공격력을 80% 증가시키고, 마도서 공격력의 75% 위력으로 일반 공격한다",0.8,0.5,0,,,,0.8,0.75,0,,,,0,,9,,ntk/nor
고양 IV,active,atk,"해당 마도서의 공격력을 90% 증가시키고, 마도서 공격력의 60% 위력으로 일반 공격한다.","해당 마도서의 공격력을 90% 증가시키고, 마도서 공격력의 89% 위력으로 일반 공격한다",0.9,0.6,0,,,,0.9,0.89,0,,,,0,,9,,ntk/nor
고양 V,active,atk,"해당 마도서의 공격력을 100% 증가시키고, 마도서 공격력의 70% 위력으로 일반 공격한다.","해당 마도서의 공격력을 100% 증가시키고, 마도서 공격력의 102% 위력으로 일반 공격한다",1,0.7,0,,,,1,1.02,0,,,,0,,9,,ntk/nor
고양 VI,active,atk,"해당 마도서의 공격력을 110% 증가시키고, 마도서 공격력의 80% 위력으로 일반 공격한다.","해당 마도서의 공격력을 110% 증가시키고, 마도서 공격력의 115% 위력으로 일반 공격한다",1.1,0.8,0,,,,1.1,1.15,0,,,,0,,9,,ntk/nor
다이너마이트,active,atk,"마도서 공격력의 35% 위력으로 스킬 공격하고, 적에게 8초간 유지되는 신관을 심는다. 신관이 3중첩되면 마도서 공격력의 280% 위력으로 스킬 공격한다","마도서 공격력의 55% 위력으로 스킬 공격하고, 적에게 20초간 유지되는 신관을 심는다. 신관이 3중첩되면 마도서 공격력의 505% 위력으로  스킬 공격한다",0.35,2.8,0,,,,0.55,5.05,0,,,,0,,4,,ski/ski
맹폭 IV,passive,atk,"스킬 사용 시 12.5% 확률로 11초간 자신의 스킬 공격력을 ,1,% 증가시킨다.",스킬 사용 시 15% 확률로 11초간 자신의 스킬 공격력을 `1`% 증가시킨다.,1.25,0,0,0.00855,,,1.65,0,0,lea,,,0.15,11,17,1,stk
맹폭 V,passive,atk,"스킬 사용 시 12.5% 확률로 11초간 자신의 스킬 공격력을 ,1,% 증가시킨다.",스킬 사용 시 15% 확률로 11초간 자신의 스킬 공격력을 `1`% 증가시킨다.,1.4,0,0,0.00855,,,1.85,0,0,lea,,,0.15,11,17,1,stk
면역 III,active,atk,0.45초간 상태이상 효과를 받지 않는다.,1.2초간 상태이상 효과를 받지 않는다.,0,0,0,,,,0,0,0,,,,0,1.2,12,,
면역 IV,active,atk,0.6초간 상태이상 효과를 받지 않는다.,1.6초간 상태이상 효과를 받지 않는다.,0,0,0,,,,0,0,0,,,,0,1.6,10,,
면역 V,active,atk,0.75초간 상태이상 효과를 받지 않는다.,2초간 상태이상 효과를 받지 않는다.,0,0,0,,,,0,0,0,,,,0,2,8,,
면역 VI,active,atk,"모든 파티원의 모든 마도서 공격력을 n% 증가시키며, 사용 시 0.75초간 상태이상 효과를 받지 않는다.","모든 파티원의 모든 마도서 공격력을 N% 증가시키며, 사용 시 2초간 상태이상 효과를 받지 않는다.",0,0,0,0.0003,,,0,0,0,0.000637,,,0,,,,Atk
분노 I,active,atk,"4초간 자신의 일반 공격력을 ,1,% 증가시킨다.",8초간 자신의 일반 공격력을 `1`% 증가시킨다.,0.14,0,0,0.008,,,0.3,0,0,lea,,,0,8,15,1,ntk
분노 II,active,atk,"4초간 자신의 일반 공격력을 ,1,% 증가시킨다.",8초간 자신의 일반 공격력을 `1`% 증가시킨다.,0.16,0,0,0.008,,,0.35,0,0,lea,,,0,8,15,1,ntk
분노 III,active,atk,"4초간 자신의 일반 공격력을 ,1,% 증가시킨다.",8초간 자신의 일반 공격력을 `1`% 증가시킨다.,0.18,0,0,0.008,,,0.4,0,0,lea,,,0,8,15,1,ntk
분노 IV,active,atk,"4초간 자신의 일반 공격력을 ,1,% 증가시킨다.",8초간 자신의 일반 공격력을 `1`% 증가시킨다.,0.2,0,0,0.008,,,0.45,0,0,lea,,,0,8,15,1,ntk
분노 V,active,atk,"4초간 자신의 일반 공격력을 ,1,% 증가시킨다.",8초간 자신의 일반 공격력을 `1`% 증가시킨다.,0.22,0,0,0.008,,,0.5,0,0,lea,,,0,8,15,1,ntk
분노 VI,active,atk,"4초간 자신의 일반 공격력을 ,1,% 증가시킨다.",8초간 자신의 일반 공격력을 `1`% 증가시킨다.,0.24,0,0,0.008,,,0.55,0,0,lea,,,0,8,15,1,ntk
분쇄 I,active,atk,"7초간 적이 받는 피해를 ,1,% 증가시킨다.",7초간 적이 받는 피해를 `1`% 증가시킨다.,0.03,0,0,0.00125,,,0.075,0,0,1.003779,,,0,7,10,1,bun
분쇄 II,active,atk,"7초간 적이 받는 피해를 ,1,% 증가시킨다.",7초간 적이 받는 피해를 `1`% 증가시킨다.,0.036,0,0,0.00125,,,0.09,0,0,1.003779,,,0,7,10,1,bun
분쇄 III,active,atk,"7초간 적이 받는 피해를 ,1,% 증가시킨다.",7초간 적이 받는 피해를 `1`% 증가시킨다.,0.042,0,0,0.00125,,,0.105,0,0,1.003779,,,0,7,10,1,bun
분쇄 IV,active,atk,"7초간 적이 받는 피해를 ,1,% 증가시킨다.",7초간 적이 받는 피해를 `1`% 증가시킨다.,0.048,0,0,0.00125,,,0.12,0,0,1.003779,,,0,7,10,1,bun
분쇄 V,active,atk,"7초간 적이 받는 피해를 ,1,% 증가시킨다.",7초간 적이 받는 피해를 `1`% 증가시킨다.,0.054,0,0,0.00125,,,0.135,0,0,1.003779,,,0,7,10,1,bun
분쇄 VI,active,atk,"7초간 적이 받는 피해를 ,1,% 증가시킨다.",7초간 적이 받는 피해를 `1`% 증가시킨다.,0.06,0,0,0.00125,,,0.15,0,0,1.003779,,,0,7,10,1,bun
속공 I,active,atk,마도서 공격력의 111% 위력으로 스킬 공격한다.,마도서 공격력의 150% 위력으로 스킬 공격한다.,1.11,0,0,,,,1.5,0,0,,,,0,,4,,ski
속공 II,active,atk,마도서 공격력의 119% 위력으로 스킬 공격한다.,마도서 공격력의 158% 위력으로 스킬 공격한다.,1.19,0,0,,,,1.58,0,0,,,,0,,4,,ski
속공 III,active,atk,마도서 공격력의 127% 위력으로 스킬 공격한다.,마도서 공격력의 166% 위력으로 스킬 공격한다.,1.27,0,0,,,,1.66,0,0,,,,0,,4,,ski
속공 IV,active,atk,마도서 공격력의 135% 위력으로 스킬 공격한다.,마도서 공격력의 174% 위력으로 스킬 공격한다.,1.35,0,0,,,,1.74,0,0,,,,0,,4,,ski
속공 V,active,atk,마도서 공격력의 143% 위력으로 스킬 공격한다.,마도서 공격력의 182% 위력으로 스킬 공격한다.,1.43,0,0,,,,1.82,0,0,,,,0,,4,,ski
속공 VI,active,atk,마도서 공격력의 151% 위력으로 스킬 공격한다.,마도서 공격력의 190% 위력으로 스킬 공격한다.,1.51,0,0,,,,1.9,0,0,,,,0,,4,,ski
역공 II,active,atk,1초 이내에 받는 공격을 1회 회피하고 마도서 공격력의 150% 위력으로 스킬 공격한다,2초 이내에 받는 공격을 1회 회피하고 마도서 공격력의 390% 위력으로 스킬 공격한다,1.5,0,0,,,,3.9,0,0,,,,0,2,29,1,ski
역공 III,active,atk,1초 이내에 받는 공격을 1회 회피하고 마도서 공격력의 175% 위력으로 스킬 공격한다,2초 이내에 받는 공격을 1회 회피하고 마도서 공격력의 440% 위력으로 스킬 공격한다,1.75,0,0,,,,4.4,0,0,,,,0,2,26,1,ski
역공 IV,active,atk,1초 이내에 받는 공격을 1회 회피하고 마도서 공격력의 200% 위력으로 스킬 공격한다,2초 이내에 받는 공격을 1회 회피하고 마도서 공격력의 490% 위력으로 스킬 공격한다,2,0,0,,,,4.9,0,0,,,,0,2,23,1,ski
역공 V,active,atk,1초 이내에 받는 공격을 1회 회피하고 마도서 공격력의 225% 위력으로 스킬 공격한다,2초 이내에 받는 공격을 1회 회피하고 마도서 공격력의 540% 위력으로 스킬 공격한다,2.25,0,0,,,,5.4,0,0,,,,0,2,20,1,ski
역행 I,active,atk,"10초간 적의 회복 효과를 45%만큼 감소시키고, 적이 받는 피해를 2.2% 증가시킨다.","10초간 적의 회복 효과를 50%만큼 감소시키고, 적이 받는 피해를 5% 증가시킨다.",0.45,0.022,0,,,,0.5,0.05,0,,,,0,10,15,1,sur/bun
역행 II,active,atk,"10초간 적의 회복 효과를 50%만큼 감소시키고, 적이 받는 피해를 3.2% 증가시킨다.","10초간 적의 회복 효과를 55%만큼 감소시키고, 적이 받는 피해를 7% 증가시킨다.",0.5,0.032,0,,,,0.55,0.07,0,,,,0,10,15,1,sur/bun
역행 III,active,atk,"10초간 적의 회복 효과를 55%만큼 감소시키고, 적이 받는 피해를 4.3% 증가시킨다.","10초간 적의 회복 효과를 60%만큼 감소시키고, 적이 받는 피해를 9% 증가시킨다.",0.55,0.043,0,,,,0.6,0.09,0,,,,0,10,15,1,sur/bun
역행 IV,active,atk,"10초간 적의 회복 효과를 60%만큼 감소시키고, 적이 받는 피해를 5.2% 증가시킨다.","10초간 적의 회복 효과를 65%만큼 감소시키고, 적이 받는 피해를 11% 증가시킨다.",0.6,0.052,0,,,,0.65,0.11,0,,,,0,10,15,1,sur/bun
역행 V,active,atk,"10초간 적의 회복 효과를 65%만큼 감소시키고, 적이 받는 피해를 5.5% 증가시킨다.","10초간 적의 회복 효과를 70%만큼 감소시키고, 적이 받는 피해를 13% 증가시킨다.",0.65,0.055,0,,,,0.7,0.13,0,,,,0,10,15,1,sur/bun
죽음의 천사,active,atk,"1.5초마다 포탄 장전, 탄이 6중첩되면 TOT포격으로 전환된다. 스킬 사용 시 장전된 모든 포탄과 TOT포격을 소모하여 각각 덱 공격력의 ,1,%, ,2,% 위력으로 일반 공격을 한다.","일정시간(1.5초/9초)마다 포탄 장전, 탄이 6중첩되면 TOT포격으로 전환된다. 스킬 사용 시 장전된 모든 포탄과 TOT포격을 소모하여 각각 덱 공격력의 `1`%, `2`% 위력으로 일반 공격을 한다.",0.0075,0.05,0,0.0009,0.007,,0.015,0.1,0,lea,lea,,0,,6,,nor/nor
진노 I,passive,atk,"기본 공격 시 12.5% 확률로 14초간 자신의 스킬 공격력을 ,1,% 증가시킨다.",기본 공격 시 15% 확률로 14초간 자신의 스킬 공격력을 `1`% 증가시킨다.,2.2,0,0,0.0171,,,2.4,0,0,lea,,,0.15,14,18,1,stk
진노 II,passive,atk,"기본 공격 시 12.5% 확률로 14초간 자신의 스킬 공격력을 ,1,% 증가시킨다.",기본 공격 시 15% 확률로 14초간 자신의 스킬 공격력을 `1`% 증가시킨다.,2.4,0,0,0.0171,,,2.6,0,0,lea,,,0.15,14,18,1,stk
진노 III,passive,atk,"기본 공격 시 12.5% 확률로 14초간 자신의 스킬 공격력을 ,1,% 증가시킨다.",기본 공격 시 15% 확률로 14초간 자신의 스킬 공격력을 `1`% 증가시킨다.,2.6,0,0,0.0171,,,2.8,0,0,lea,,,0.15,14,18,1,stk
진노 IV,passive,atk,"기본 공격 시 12.5% 확률로 14초간 자신의 스킬 공격력을 ,1,% 증가시킨다.",기본 공격 시 15% 확률로 14초간 자신의 스킬 공격력을 `1`% 증가시킨다.,2.8,0,0,0.0171,,,3,0,0,lea,,,0.15,14,18,1,stk
진노 V,passive,atk,"기본 공격 시 12.5% 확률로 14초간 자신의 스킬 공격력을 ,1,% 증가시킨다.",기본 공격 시 15% 확률로 14초간 자신의 스킬 공격력을 `1`% 증가시킨다.,3,0,0,0.0171,,,3.2,0,0,lea,,,0.15,14,18,1,stk
진노 VI,active,atk,"기본 공격 시 12.5% 확률로 14초간 자신의 스킬 공격력을 ,1,% 증가시킨다.",기본 공격 시 15% 확률로 14초간 자신의 스킬 공격력을 `1`% 증가시킨다.,3.08,0,0,0.0171,,,3.28,0,0,lea,,,0.15,14,18,1,stk
차단 I,active,atk,적이 시전 중인 스킬을 차단한다.,적이 시전 중인 스킬을 차단한다.,0,0,0,,,,0,0,0,,,,0,,60,1,
차단 II,active,atk,적이 시전 중인 스킬을 차단한다.,적이 시전 중인 스킬을 차단한다.,0,0,0,,,,0,0,0,,,,0,,55,1,
차단 III,active,atk,적이 시전 중인 스킬을 차단한다.,적이 시전 중인 스킬을 차단한다.,0,0,0,,,,0,0,0,,,,0,,50,1,
차단 IV,active,atk,적이 시전 중인 스킬을 차단한다.,적이 시전 중인 스킬을 차단한다.,0,0,0,,,,0,0,0,,,,0,,45,1,
차단 V,active,atk,적이 시전 중인 스킬을 차단한다.,적이 시전 중인 스킬을 차단한다.,0,0,0,,,,0,0,0,,,,0,,40,1,
차단 VI,active,atk,"모든 파티원의 모든 마도서 공격력을 n% 증가시키며, 사용 시 적이 시전 중인 스킬을 차단한다.","모든 파티원의 모든 마도서 공격력을 N% 증가시키며, 사용 시 적이 시전 중인 스킬을 차단한다.",0,0,0,0.0003,,,0,0,0,0.000637,,,0,,40,1,Atk
타락한 여명,active,atk,"마도서 공격력의 270% 위력으로 스킬 공격한다. 6초간 적의 치유량을 65% 감소시키고 받는 피해를 ,3,% 증가시킨다.",마도서 공격력의 325% 위력으로 스킬 공격한다. 8초간 적의 치유량을 70% 감소시키고 받는 피해를 `3`% 증가시킨다.,2.7,0.65,0.02,,,0.000666667,0.7,3.25,0.032,,,0.001463,0,,8,,sur/ski/bun
폭격 I,active,atk,"덱 공격력의 ,1,% 위력으로 스킬 공격한다.",덱 공격력의 `1`% 위력으로 스킬 공격한다.,0.14,0,0,0.0063,,,0.24,0,0,lea,,,0,,15,,Ski
폭격 II,active,atk,"덱 공격력의 ,1,% 위력으로 스킬 공격한다.",덱 공격력의 `1`% 위력으로 스킬 공격한다.,0.175,0,0,0.0063,,,0.275,0,0,lea,,,0,,15,,Ski
폭격 III,active,atk,"덱 공격력의 ,1,% 위력으로 스킬 공격한다.",덱 공격력의 `1`% 위력으로 스킬 공격한다.,0.21,0,0,0.0063,,,0.31,0,0,lea,,,0,,15,,Ski
폭격 IV,active,atk,"덱 공격력의 ,1,% 위력으로 스킬 공격한다.",덱 공격력의 `1`% 위력으로 스킬 공격한다.,0.245,0,0,0.0063,,,0.345,0,0,lea,,,0,,15,,Ski
폭격 V,active,atk,"덱 공격력의 ,1,% 위력으로 스킬 공격한다.",덱 공격력의 `1`% 위력으로 스킬 공격한다.,0.28,0,0,0.0063,,,0.38,0,0,lea,,,0,,15,,Ski
폭격 VI,active,atk,"덱 공격력의 ,1,% 위력으로 스킬 공격한다.",덱 공격력의 `1`% 위력으로 스킬 공격한다.,0.315,0,0,0.0063,,,0.415,0,0,lea,,,0,,15,,Ski
폭쇄천력: 破,active,atk,적에게 마도서 공격력의 45% 위력으로 7회 스킬 공격 후 250% 위력의 스킬 공격을 가한다. 스킬을 사용한 뒤 5초 안에 공격을 받으면 폭쇄천력의 대미지가 1.5초 동안 25%상승한다.,적에게 마도서 공격력의 60% 위력으로 7회 스킬 공격 후 475% 위력의 스킬 공격을 가한다. 스킬을 사용한 뒤 5초 안에 공격을 받으면 폭쇄천력의 대미지가 5초 동안 50%상승한다.,5.65,0,0,,,,8.95,0,0,,,,0,,13,,ski
행운 I,passive,atk,"기본 공격 시 20% 확률로 덱 공격력의 ,1,% 위력으로 일반 공격한다.",기본 공격 시 20% 확률로 덱 공격력의 `1`% 위력으로 일반 공격한다.,0.4,0,0,0.00648,,,0.72,0,0,lea,,,0.2,,14,,nor
행운 II,passive,atk,"기본 공격 시 20% 확률로 덱 공격력의 ,1,% 위력으로 일반 공격한다.",기본 공격 시 20% 확률로 덱 공격력의 `1`% 위력으로 일반 공격한다.,0.55,0,0,0.00648,,,0.84,0,0,lea,,,0.2,,14,,nor
행운 III,passive,atk,"기본 공격 시 20% 확률로 덱 공격력의 ,1,% 위력으로 일반 공격한다.",기본 공격 시 20% 확률로 덱 공격력의 `1`% 위력으로 일반 공격한다.,0.7,0,0,0.00648,,,0.96,0,0,lea,,,0.2,,14,,nor
행운 IV,passive,atk,"기본 공격 시 20% 확률로 덱 공격력의 ,1,% 위력으로 일반 공격한다.",기본 공격 시 20% 확률로 덱 공격력의 `1`% 위력으로 일반 공격한다.,0.85,0,0,0.00648,,,1.08,0,0,lea,,,0.2,,14,,nor
행운 V,passive,atk,"기본 공격 시 20% 확률로 덱 공격력의 ,1,% 위력으로 일반 공격한다.",기본 공격 시 20% 확률로 덱 공격력의 `1`% 위력으로 일반 공격한다.,1,0,0,0.00648,,,1.2,0,0,lea,,,0.2,,14,,nor
행운 VI,passive,atk,"기본 공격 시 20% 확률로 덱 공격력의 ,1,% 위력으로 일반 공격한다.",기본 공격 시 20% 확률로 덱 공격력의 `1`% 위력으로 일반 공격한다.,1.1,0,0,0.00648,,,1.32,0,0,lea,,,0.2,,14,,nor
흡혈 I,active,atk,"마도서 공격력의 180% 위력으로 스킬 공격하고, 피해량의 5%만큼 체력을 회복한다.","마도서 공격력의 240% 위력으로 스킬 공격하고, 피해량의 5%만큼 체력을 회복한다.",1.8,0.05,0,,,,2.4,0.05,0,,,,0,,10,,ski/dra
흡혈 II,active,atk,"마도서 공격력의 195% 위력으로 스킬 공격하고, 피해량의 5%만큼 체력을 회복한다.","마도서 공격력의 265% 위력으로 스킬 공격하고, 피해량의 5%만큼 체력을 회복한다.",1.95,0.05,0,,,,2.65,0.05,0,,,,0,,10,,ski/dra
흡혈 III,active,atk,"마도서 공격력의 210% 위력으로 스킬 공격하고, 피해량의 5%만큼 체력을 회복한다.","마도서 공격력의 290% 위력으로 스킬 공격하고, 피해량의 5%만큼 체력을 회복한다.",2.1,0.05,0,,,,2.9,0.05,0,,,,0,,10,,ski/dra
흡혈 IV,active,atk,"마도서 공격력의 225% 위력으로 스킬 공격하고, 피해량의 5%만큼 체력을 회복한다.","마도서 공격력의 315% 위력으로 스킬 공격하고, 피해량의 5%만큼 체력을 회복한다.",2.25,0.05,0,,,,3.15,0.05,0,,,,0,,10,,ski/dra
흡혈 V,active,atk,"마도서 공격력의 240% 위력으로 스킬 공격하고, 피해량의 5%만큼 체력을 회복한다.","마도서 공격력의 340% 위력으로 스킬 공격하고, 피해량의 5%만큼 체력을 회복한다.",2.4,0.05,0,,,,3.4,0.05,0,,,,0,,10,,ski/dra
흡혈 VI,active,atk,"마도서 공격력의 255% 위력으로 스킬 공격하고, 피해량의 5%만큼 체력을 회복한다.","마도서 공격력의 365% 위력으로 스킬 공격하고, 피해량의 5%만큼 체력을 회복한다.",2.55,0.05,0,,,,3.65,0.05,0,,,,0,,10,,ski/dra
간파 I,passive,hp,피격 시 8% 확률로 역습 또는 회피를 파티원에게 부여한다. 또는 더 낮은 확률로 다른 효과가 발동한다.,피격 시 5% 확률로 역습 또는 회피를 파티원에게 부여한다. 또는 더 낮은 확률로 다른 효과가 발동한다.,0,0,0,,,,0,0,0,,,,5,,10,1,
간파 II,passive,hp,피격 시 9% 확률로 역습 또는 회피를 파티원에게 부여한다. 또는 더 낮은 확률로 다른 효과가 발동한다.,피격 시 8% 확률로 역습 또는 회피를 파티원에게 부여한다. 또는 더 낮은 확률로 다른 효과가 발동한다.,0,0,0,,,,0,0,0,,,,8,,10,1,
간파 III,passive,hp,피격 시 10% 확률로 역습 또는 회피를 파티원에게 부여한다. 또는 더 낮은 확률로 다른 효과가 발동한다.,피격 시 11% 확률로 역습 또는 회피를 파티원에게 부여한다. 또는 더 낮은 확률로 다른 효과가 발동한다.,0,0,0,,,,0,0,0,,,,11,,10,1,
간파 IV,passive,hp,피격 시 11% 확률로 역습 또는 회피를 파티원에게 부여한다. 또는 더 낮은 확률로 다른 효과가 발동한다.,피격 시 14% 확률로 역습 또는 회피를 파티원에게 부여한다. 또는 더 낮은 확률로 다른 효과가 발동한다.,0,0,0,,,,0,0,0,,,,14,,10,1,
간파 V,passive,hp,피격 시 12% 확률로 역습 또는 회피를 파티원에게 부여한다. 또는 더 낮은 확률로 다른 효과가 발동한다.,피격 시 17% 확률로 역습 또는 회피를 파티원에게 부여한다. 또는 더 낮은 확률로 다른 효과가 발동한다.,0,0,0,,,,0,0,0,,,,17,,10,1,
골절 I,active,hp,"7초간 적의 공격력을 ,1,% 감소시킨다.",7초간 적의 공격력을 `1`% 감소시킨다.,0.06,0,0,0.002212,,,0.12,0,0,lea,,,,7,10,1,gol
골절 II,active,hp,"7초간 적의 공격력을 ,1,% 감소시킨다.",7초간 적의 공격력을 `1`% 감소시킨다.,0.07,0,0,0.002212,,,0.14,0,0,lea,,,,7,10,1,gol
골절 III,active,hp,"7초간 적의 공격력을 ,1,% 감소시킨다.",7초간 적의 공격력을 `1`% 감소시킨다.,0.08,0,0,0.002212,,,0.16,0,0,lea,,,,7,10,1,gol
골절 IV,active,hp,"7초간 적의 공격력을 ,1,% 감소시킨다.",7초간 적의 공격력을 `1`% 감소시킨다.,0.09,0,0,0.002212,,,0.18,0,0,lea,,,,7,10,1,gol
골절 V,active,hp,"7초간 적의 공격력을 ,1,% 감소시킨다.",7초간 적의 공격력을 `1`% 감소시킨다.,0.1,0,0,0.002212,,,0.2,0,0,lea,,,,7,10,1,gol
골절 VI,active,hp,"7초간 적의 공격력을 ,1,% 감소시킨다.",7초간 적의 공격력을 `1`% 감소시킨다.,0.11,0,0,0.002212,,,0.22,0,0,lea,,,,7,10,1,gol
근성 I,passive,hp,"자신의 모든 마도서 체력을 ,1,% 증가시킨다.",자신의 모든 마도서 체력을 `1`% 증가시킨다.,0.056,0,0,0.002153,,,0.09,0,0,lea,,,,,,,hp
근성 II,passive,hp,"자신의 모든 마도서 체력을 ,1,% 증가시킨다.",자신의 모든 마도서 체력을 `1`% 증가시킨다.,0.072,0,0,0.002153,,,0.108,0,0,lea,,,,,,,hp
근성 III,passive,hp,"자신의 모든 마도서 체력을 ,1,% 증가시킨다.",자신의 모든 마도서 체력을 `1`% 증가시킨다.,0.088,0,0,0.002153,,,0.12,0,0,lea,,,,,,,hp
근성 IV,passive,hp,"자신의 모든 마도서 체력을 ,1,% 증가시킨다.",자신의 모든 마도서 체력을 `1`% 증가시킨다.,0.104,0,0,0.002153,,,0.132,0,0,lea,,,,,,,hp
근성 V,passive,hp,"자신의 모든 마도서 체력을 ,1,% 증가시킨다.",자신의 모든 마도서 체력을 `1`% 증가시킨다.,0.12,0,0,0.002153,,,0.15,0,0,lea,,,,,,,hp
근성 VI,passive,hp,"자신의 모든 마도서 체력을 ,1,% 증가시킨다.",자신의 모든 마도서 체력을 `1`% 증가시킨다.,0.136,0,0,0.002153,,,0.165,0,0,lea,,,,,,,hp
난투 III,active,hp,2초간 적의 공격을 받을 때마다 마도서 체력의 270% ~ 323% 위력으로 피해를 준다.,4.5초간 적의 공격을 받을 때마다 마도서 체력의 540% ~ 645% 위력으로 피해를 준다.,2.7,3.23,0,,,,5.4,6.45,0,,,,,4.5,15,1,ski/ski
난투 IV,active,hp,2초간 적의 공격을 받을 때마다 마도서 체력의 270% ~ 340% 위력으로 피해를 준다.,4.5초간 적의 공격을 받을 때마다 마도서 체력의 540% ~ 680% 위력으로 피해를 준다.,2.7,3.4,0,,,,5.4,6.8,0,,,,,4.5,15,1,ski/ski
난투 V,active,hp,2초간 적의 공격을 받을 때마다 마도서 체력의 288% ~ 358% 위력으로 피해를 준다.,4.5초간 적의 공격을 받을 때마다 마도서 체력의 575% ~ 715% 위력으로 피해를 준다.,2.88,3.58,0,,,,5.75,7.15,0,,,,,4.5,15,1,ski/ski
난투 VI,active,hp,2초간 적의 공격을 받을 때마다 마도서 체력의 288% ~ 376% 위력으로 피해를 준다.,4.5초간 적의 공격을 받을 때마다 마도서 체력의 575% ~ 750% 위력으로 피해를 준다.,2.88,3.76,0,,,,5.75,7.5,0,,,,,4.5,15,1,ski/ski
단결 III,passive,hp,"자신이 받는 피해를 ,1,%, 다른 파티원이 받는 피해를 ,2,% 감소시킨다.","자신이 받는 피해를 `1`%, 다른 파티원이 받는 피해를 `2`% 감소시킨다.",0.035,0.018,0,0.0009735,0.000528,,0.07,0.036,0,lea,lea,,,,,,inn/Inn
단결 IV,passive,hp,"자신이 받는 피해를 ,1,%, 다른 파티원이 받는 피해를 ,2,% 감소시킨다.","자신이 받는 피해를 `1`%, 다른 파티원이 받는 피해를 `2`% 감소시킨다.",0.04,0.0195,0,0.0009735,0.000528,,0.076,0.0405,0,lea,lea,,,,,,inn/Inn
단결 V,passive,hp,"자신이 받는 피해를 ,1,%, 다른 파티원이 받는 피해를 ,2,% 감소시킨다.","자신이 받는 피해를 `1`%, 다른 파티원이 받는 피해를 `2`% 감소시킨다.",0.045,0.0205,0,0.0009735,0.000528,,0.082,0.045,0,lea,lea,,,,,,inn/Inn
도발 I,active,hp,"적이 2초간 자신을 공격하도록 하며, 자신에게 마도서 체력의 25%  만큼 보호막을 생성한다. (다수 공격 시 하나만 적용)","적이 2초간 자신을 공격하도록 하며, 자신에게 마도서 체력의 55% 만큼 보호막을 생성한다. (다수 공격 시 하나만 적용)",0.25,0,0,,,,0.55,0,0,,,,,2,12,1,shi
도발 II,active,hp,"적이 3초간 자신을 공격하도록 하며, 자신에게 마도서 체력의 30%  만큼 보호막을 생성한다. (다수 공격 시 하나만 적용)","적이 3초간 자신을 공격하도록 하며, 자신에게 마도서 체력의 60% 만큼 보호막을 생성한다. (다수 공격 시 하나만 적용)",0.3,0,0,,,,0.6,0,0,,,,,3,11,1,shi
도발 III,active,hp,"적이 4초간 자신을 공격하도록 하며, 자신에게 마도서 체력의 35%  만큼 보호막을 생성한다. (다수 공격 시 하나만 적용)","적이 4초간 자신을 공격하도록 하며, 자신에게 마도서 체력의 65% 만큼 보호막을 생성한다. (다수 공격 시 하나만 적용)",0.35,0,0,,,,0.65,0,0,,,,,4,10,1,shi
도발 IV,active,hp,"적이 5초간 자신을 공격하도록 하며, 자신에게 마도서 체력의 40%  만큼 보호막을 생성한다. (다수 공격 시 하나만 적용)","적이 5초간 자신을 공격하도록 하며, 자신에게 마도서 체력의 70% 만큼 보호막을 생성한다. (다수 공격 시 하나만 적용)",0.4,0,0,,,,0.7,0,0,,,,,5,9,1,shi
도발 V,active,hp,"적이 6초간 자신을 공격하도록 하며, 자신에게 마도서 체력의 45%  만큼 보호막을 생성한다. (다수 공격 시 하나만 적용)","적이 6초간 자신을 공격하도록 하며, 자신에게 마도서 체력의 75% 만큼 보호막을 생성한다. (다수 공격 시 하나만 적용)",0.45,0,0,,,,0.75,0,0,,,,,6,8,1,shi
돌진 I,active,hp,"마도서 체력의 80% 위력으로 공격하고, 12초간 적이 받는 피해를 ,2,% 증가시킨다.","마도서 체력의 100% 위력으로 공격하고, 12초간 적이 받는 피해를 `2`% 증가시킨다.",0.8,0.0025,0,,0.000388,,1,0.005,0,,lea,,,12,4,,ski/bun
돌진 II,active,hp,"마도서 체력의 80% 위력으로 공격하고, 12초간 적이 받는 피해를 ,2,% 증가시킨다.","마도서 체력의 118% 위력으로 공격하고, 12초간 적이 받는 피해를 `2`% 증가시킨다.",0.93,0.0045,0,,0.000388,,1.18,0.009,0,,lea,,,12,4,,ski/bun
돌진 III,active,hp,"마도서 체력의 80% 위력으로 공격하고, 12초간 적이 받는 피해를 ,2,% 증가시킨다.","마도서 체력의 135% 위력으로 공격하고, 12초간 적이 받는 피해를 `2`% 증가시킨다.",1.05,0.0063,0,,0.000388,,1.35,0.0125,0,,lea,,,12,4,,ski/bun
돌진 IV,active,hp,"마도서 체력의 80% 위력으로 공격하고, 12초간 적이 받는 피해를 ,2,% 증가시킨다.","마도서 체력의 153% 위력으로 공격하고, 12초간 적이 받는 피해를 `2`% 증가시킨다.",1.18,0.0083,0,,0.000388,,1.53,0.0165,0,,lea,,,12,4,,ski/bun
돌진 V,active,hp,"마도서 체력의 80% 위력으로 공격하고, 12초간 적이 받는 피해를 ,2,% 증가시킨다.","마도서 체력의 170% 위력으로 공격하고, 12초간 적이 받는 피해를 `2`% 증가시킨다.",1.3,0.01,0,,0.000388,,1.7,0.02,0,,lea,,,12,4,,ski/bun
돌진 VI,active,hp,"마도서 체력의 80% 위력으로 공격하고, 12초간 적이 받는 피해를 ,2,% 증가시킨다.","마도서 체력의 180% 위력으로 공격하고, 12초간 적이 받는 피해를 `2`% 증가시킨다.",1.4,0.012,0,,0.000388,,1.8,0.024,0,,lea,,,12,4,,ski/bun
반격 I,passive,hp,피격 시 공격자에게 덱 체력의 5% 위력으로 피해를 준다.,피격 시 공격자에게 덱 체력의 8% 위력으로 피해를 준다.,0.05,0,0,0.001957,,,0.08,0,0,lea,,,,,,,ski
반격 II,passive,hp,피격 시 공격자에게 덱 체력의 6.5% 위력으로 피해를 준다.,피격 시 공격자에게 덱 체력의 9.5% 위력으로 피해를 준다.,0.065,0,0,0.001957,,,0.095,0,0,lea,,,,,,,ski
반격 III,passive,hp,피격 시 공격자에게 덱 체력의 8% 위력으로 피해를 준다.,피격 시 공격자에게 덱 체력의 11% 위력으로 피해를 준다.,0.08,0,0,0.001957,,,0.11,0,0,lea,,,,,,,ski
반격 IV,passive,hp,피격 시 공격자에게 덱 체력의 9.5% 위력으로 피해를 준다.,피격 시 공격자에게 덱 체력의 12.5% 위력으로 피해를 준다.,0.095,0,0,0.001957,,,0.125,0,0,lea,,,,,,,ski
반격 V,passive,hp,피격 시 공격자에게 덱 체력의 11.5% 위력으로 피해를 준다.,피격 시 공격자에게 덱 체력의 14.5% 위력으로 피해를 준다.,0.115,0,0,0.001957,,,0.145,0,0,lea,,,,,,,ski
반격 VI,active,hp,피격 시 공격자에게 덱 체력의 12% 위력으로 피해를 준다.,피격 시 공격자에게 덱 체력의 15.5% 위력으로 피해를 준다.,0.12,0,0,0.001957,,,0.155,0,0,lea,,,,,,,ski
발뭉: 불사신의 검,active,hp,"마도서 체력의 300% 위력으로 공격하고, 15% 위력으로 자신의 체력을 증가시키는 중복 가능한 버프를 건다. 6초간 자신의 체력에 기반한 공격력을 6% 증가시킨다.","마도서 체력의 475% 위력으로 공격하고, 30% 위력으로 자신의 체력을 증가시키는 중복 가능한 버프를 건다. 6초간 자신의 체력에 기반한 공격력을 14% 증가시킨다.",3,0.15,0.06,,,,4.75,0.3,0.14,,,,,6,7,,ski
방어 I,active,hp,7.5초간 적에게 받는 피해를 4.5%만큼 감소시킨다.,7.5초간 적에게 받는 피해를 9%만큼 감소시킨다.,0.045,0,0,0.001582,,,0.09,0,0,lea,,,,7.5,10,,inn
방어 II,active,hp,7.5초간 적에게 받는 피해를 6%만큼 감소시킨다.,7.5초간 적에게 받는 피해를 11%만큼 감소시킨다.,0.06,0,0,0.001582,,,0.11,0,0,lea,,,,7.5,10,,inn
방어 III,active,hp,7.5초간 적에게 받는 피해를 7.5%만큼 감소시킨다.,7.5초간 적에게 받는 피해를 13%만큼 감소시킨다.,0.075,0,0,0.001582,,,0.13,0,0,lea,,,,7.5,10,,inn
방어 IV,active,hp,7.5초간 적에게 받는 피해를 9%만큼 감소시킨다.,7.5초간 적에게 받는 피해를 15%만큼 감소시킨다.,0.09,0,0,0.001582,,,0.15,0,0,lea,,,,7.5,10,,inn
방어 V,active,hp,7.5초간 적에게 받는 피해를 10.5%만큼 감소시킨다.,7.5초간 적에게 받는 피해를 17%만큼 감소시킨다.,0.105,0,0,0.001582,,,0.17,0,0,lea,,,,7.5,10,,inn
방어 VI,active,hp,7.5초간 적에게 받는 피해를 12%만큼 감소시킨다.,7.5초간 적에게 받는 피해를 19%만큼 감소시킨다.,0.12,0,0,0.001582,,,0.19,0,0,lea,,,,7.5,10,,inn
불굴 IV,active,hp,"자신에게 걸린 상태이상 효과를 1개 정화하고, 자신의 체력을 3.5초간 1초마다 마도서 체력의 6% 위력으로 회복시킨다.","자신에게 걸린 상태이상 효과를 1개 정화하고, 자신의 체력을 3.5초간 0.6초마다 마도서 체력의 15% 위력으로 회복시킨다.",0.06,0,0,,,,0.15,0,0,,,,,5,14,1,tik
불굴 V,active,hp,"자신에게 걸린 상태이상 효과를 1개 정화하고, 자신의 체력을 3.5초간 1초마다 마도서 체력의 6% 위력으로 회복시킨다.","자신에게 걸린 상태이상 효과를 1개 정화하고, 자신의 체력을 3.5초간 0.6초마다 마도서 체력의 15% 위력으로 회복시킨다.",0.06,0,0,,,,0.15,0,0,,,,,5,11,1,tik
불굴 VI,active,hp,"자신에게 걸린 상태이상 효과를 1개 정화하고, 자신의 체력을 3.5초간 1초마다 마도서 체력의 6.5% 위력으로 회복시킨다.","자신에게 걸린 상태이상 효과를 1개 정화하고, 자신의 체력을 3.5초간 0.6초마다 마도서 체력의 16% 위력으로 회복시킨다.",0.065,0,0,,,,0.16,0,0,,,,,5,11,1,tik
선봉의 약탈,active,hp,공격받는 파티원의 대미지를 4초동안 매 피격마다 31.5% 대신 받는다. 시전 후 피격 시 10초동안 마도서 체력의 30% / 20% / 10% / 10% 의 위력으로 모든 파티원의 공격력과 정신력을 증가시킨다.,공격받는 파티원의 대미지를 4초동안 매 피격마다 42% 대신 받는다. 시전 후 피격 시 10초동안 마도서 체력의 60% / 40% / 20% / 20% 의 위력으로 모든 파티원의 공격력과 정신력을 증가시킨다.,0.315,0.3,0.2,0.1,0.1,,0.42,0.6,0.4,0.2,0.2,,,10,15,1,bal
소생 I,passive,hp,피격 시 8초간 1초마다 덱 체력의 0.12% 위력으로 회복시킨다.,피격 시 8초간 1초마다 덱 체력의 0.21% 위력으로 회복시킨다.,0.0012,0,0,0.000035,,,0.0021,0,0,lea,,,,8,,,tik
소생 II,passive,hp,피격 시 8초간 1초마다 덱 체력의 0.13% 위력으로 회복시킨다.,피격 시 8초간 1초마다 덱 체력의 0.23% 위력으로 회복시킨다.,0.0013,0,0,0.000035,,,0.0023,0,0,lea,,,,8,,,tik
소생 III,passive,hp,피격 시 8초간 1초마다 덱 체력의 0.15% 위력으로 회복시킨다.,피격 시 8초간 1초마다 덱 체력의 0.25% 위력으로 회복시킨다.,0.0015,0,0,0.000035,,,0.0025,0,0,lea,,,,8,,,tik
소생 IV,passive,hp,피격 시 8초간 1초마다 덱 체력의 0.17% 위력으로 회복시킨다.,피격 시 8초간 1초마다 덱 체력의 0.28% 위력으로 회복시킨다.,0.0017,0,0,0.000035,,,0.0028,0,0,lea,,,,8,,,tik
소생 V,passive,hp,피격 시 8초간 1초마다 덱 체력의 0.19% 위력으로 회복시킨다.,피격 시 8초간 1초마다 덱 체력의 0.31% 위력으로 회복시킨다.,0.0019,0,0,0.000035,,,0.0031,0,0,lea,,,,8,,,tik
수호 III,passive,hp,"자신의 모든 마도서 공격력을 2%, 체력을 4.5% 증가시키고, 받는 피해를 1.8% 감소시킨다.","자신의 모든 마도서 공격력을 4%, 체력을 8.7% 증가시키고, 받는 피해를 3.3% 감소시킨다.",0.02,0.045,0.018,0.000488,0.001075,0.000435,0.04,0.087,0.033,lea,lea,lea,,,,,atk/hp/inn
수호 IV,passive,hp,"자신의 모든 마도서 공격력을 2.2%, 체력을 5% 증가시키고, 받는 피해를 1.95% 감소시킨다.","자신의 모든 마도서 공격력을 4.35%, 체력을 9.5% 증가시키고, 받는 피해를 3.7% 감소시킨다.",0.022,0.05,0.0195,0.000488,0.001075,0.000435,0.0435,0.095,0.037,lea,lea,lea,,,,,atk/hp/inn
수호 V,passive,hp,"자신의 모든 마도서 공격력을 2.4%, 체력을 5.5% 증가시키고, 받는 피해를 2.1% 감소시킨다.","자신의 모든 마도서 공격력을 4.8%, 체력을 10.5% 증가시키고, 받는 피해를 4.2% 감소시킨다.",0.024,0.055,0.021,0.000488,0.001075,0.000435,0.048,0.105,0.042,lea,lea,lea,,,,,atk/hp/inn
억압 III,active,hp,"12초간 적의 직접 회복 효과를 40%만큼 감소시키고, 자신의 체력을 6.5초간 1초마다 마도서 체력의 11% 위력으로 회복시킨다.","12초간 적의 회복 효과를 55%만큼 감소시키고, 자신의 체력을 6.5초간 1초마다 마도서 체력의 16% 위력으로 회복시킨다.",0.4,0.11,0,,,,0.55,0.16,0,,,,,6.5,15,1,sur/tik
억압 IV,active,hp,"12초간 적의 직접 회복 효과를 45%만큼 감소시키고, 자신의 체력을 6.5초간 1초마다 마도서 체력의 12.5% 위력으로 회복시킨다.","12초간 적의 회복 효과를 60%만큼 감소시키고, 자신의 체력을 6.5초간 1초마다 마도서 체력의 18% 위력으로 회복시킨다.",0.45,0.125,0,,,,0.6,0.18,0,,,,,6.5,15,1,sur/tik
억압 V,active,hp,"12초간 적의 직접 회복 효과를 50%만큼 감소시키고, 자신의 체력을 6.5초간 1초마다 마도서 체력의 14% 위력으로 회복시킨다.","12초간 적의 회복 효과를 65%만큼 감소시키고, 자신의 체력을 6.5초간 1초마다 마도서 체력의 20% 위력으로 회복시킨다.",0.5,0.14,0,,,,0.65,0.2,0,,,,,6.5,15,1,sur/tik
억압 VI,active,hp,"12초간 적의 직접 회복 효과를 55%만큼 감소시키고, 자신의 체력을 6.5초간 1초마다 마도서 체력의 15.5% 위력으로 회복시킨다.","12초간 적의 회복 효과를 70%만큼 감소시키고, 자신의 체력을 6.5초간 1초마다 마도서 체력의 22% 위력으로 회복시킨다.",0.55,0.155,0,,,,0.7,0.22,0,,,,,6.5,15,1,sur/tik
역습 I,active,hp,"1.2초간 받는 모든 공격을 회피하고, 회피할 때마다 마도서 체력의 250% 위력으로 반격한다.","2.4초간 받는 모든 공격을 회피하고, 회피할 때마다 마도서 체력의 500% 위력으로 반격한다.",2.5,0,0,,,,5,0,0,,,,,2.4,32,1,ski
역습 II,active,hp,"1.4초간 받는 모든 공격을 회피하고, 회피할 때마다 마도서 체력의 275% 위력으로 반격한다.","3.1초간 받는 모든 공격을 회피하고, 회피할 때마다 마도서 체력의 550% 위력으로 반격한다.",2.75,0,0,,,,5.5,0,0,,,,,3.1,29,1,ski
역습 III,active,hp,"1.6초간 받는 모든 공격을 회피하고, 회피할 때마다 마도서 체력의 300% 위력으로 반격한다.","3.8초간 받는 모든 공격을 회피하고, 회피할 때마다 마도서 체력의 600% 위력으로 반격한다.",3,0,0,,,,6,0,0,,,,,3.8,26,1,ski
역습 IV,active,hp,"1.8초간 받는 모든 공격을 회피하고, 회피할 때마다 마도서 체력의 325% 위력으로 반격한다.","4.5초간 받는 모든 공격을 회피하고, 회피할 때마다 마도서 체력의 650% 위력으로 반격한다.",3.25,0,0,,,,6.5,0,0,,,,,4.5,23,1,ski
역습 V,active,hp,"2초간 받는 모든 공격을 회피하고, 회피할 때마다 마도서 체력의 350% 위력으로 반격한다.","5.2초간 받는 모든 공격을 회피하고, 회피할 때마다 마도서 체력의 700% 위력으로 반격한다.",3.5,0,0,,,,7,0,0,,,,,5.2,20,1,ski
역습 VI,active,hp,"2.2초간 받는 모든 공격을 회피하고, 회피할 때마다 마도서 체력의 375% 위력으로 반격한다.","5.9초간 받는 모든 공격을 회피하고, 회피할 때마다 마도서 체력의 750% 위력으로 반격한다.",3.75,0,0,,,,7.5,0,0,,,,,5.9,17,1,ski
와장창,active,hp,2초간 적의 공격을 받을 때마다 마도서 체력의 125% ~ 550% 위력으로 피해를 준다.,4.5초간 적의 공격을 받을 때마다 마도서 체력의 250% ~ 1100% 위력으로 피해를 준다.,1.25,5.5,0,,,,2.5,11,0,,,,,4.5,15,1,ski/ski
응원 I,passive,hp,"자신의 모든 마도서 체력을 2%, 다른 파티원의 모든 마도서 체력을 1% 증가시킨다.","자신의 모든 마도서 체력을 6%, 다른 파티원의 모든 마도서 체력을 4% 증가시킨다.",0.02,0.01,0,0.001715,0.00098,,0.06,0.04,0,lea,lea,,,,,,hp/Hp
응원 II,passive,hp,"자신의 모든 마도서 체력을 3.5%, 다른 파티원의 모든 마도서 체력을 2% 증가시킨다.","자신의 모든 마도서 체력을 7.5%, 다른 파티원의 모든 마도서 체력을 5% 증가시킨다.",0.035,0.02,0,0.001715,0.00098,,0.075,0.05,0,lea,lea,,,,,,hp/Hp
응원 III,passive,hp,"자신의 모든 마도서 체력을 5%, 다른 파티원의 모든 마도서 체력을 3% 증가시킨다.","자신의 모든 마도서 체력을 9%, 다른 파티원의 모든 마도서 체력을 6% 증가시킨다.",0.05,0.03,0,0.001715,0.00098,,0.09,0.06,0,lea,lea,,,,,,hp/Hp
응원 IV,passive,hp,"자신의 모든 마도서 체력을 6.5%, 다른 파티원의 모든 마도서 체력을 4% 증가시킨다.","자신의 모든 마도서 체력을 10.5%, 다른 파티원의 모든 마도서 체력을 7% 증가시킨다.",0.065,0.04,0,0.001715,0.00098,,0.105,0.07,0,lea,lea,,,,,,hp/Hp
응원 V,passive,hp,"자신의 모든 마도서 체력을 8%, 다른 파티원의 모든 마도서 체력을 5% 증가시킨다.","자신의 모든 마도서 체력을 12%, 다른 파티원의 모든 마도서 체력을 8% 증가시킨다.",0.08,0.05,0,0.001715,0.00098,,0.12,0.08,0,lea,lea,,,,,,hp/Hp
인내 I,passive,hp,적에게 받는 피해를 3.5% 감소시킨다.,적에게 받는 피해를 7.3% 감소시킨다.,0.035,0,0,0.001121,,,0.073,0,0,lea,,,,,,,inn
인내 II,passive,hp,적에게 받는 피해를 4.5% 감소시킨다.,적에게 받는 피해를 8% 감소시킨다.,0.045,0,0,0.001121,,,0.08,0,0,lea,,,,,,,inn
인내 III,passive,hp,적에게 받는 피해를 5% 감소시킨다.,적에게 받는 피해를 8.7% 감소시킨다.,0.05,0,0,0.001121,,,0.087,0,0,lea,,,,,,,inn
인내 IV,passive,hp,적에게 받는 피해를 5.5% 감소시킨다.,적에게 받는 피해를 9.3% 감소시킨다.,0.055,0,0,0.001121,,,0.093,0,0,lea,,,,,,,inn
인내 V,passive,hp,적에게 받는 피해를 6% 감소시킨다.,적에게 받는 피해를 10% 감소시킨다.,0.06,0,0,0.001121,,,0.1,0,0,lea,,,,,,,inn
인내 VI,passive,hp,적에게 받는 피해를 6.5% 감소시킨다.,적에게 받는 피해를 10.7% 감소시킨다.,0.065,0,0,0.001121,,,0.107,0,0,lea,,,,,,,inn
재생 I,active,hp,자신의 체력을 8.5초간 1초마다 마도서 체력의 7% 위력으로 회복시킨다.,자신의 체력을 8.5초간 1초마다 마도서 체력의 11% 위력으로 회복시킨다.,0.07,0,0,,,,0.11,0,0,,,,,8.5,11,,tik
재생 II,active,hp,자신의 체력을 8.5초간 1초마다 마도서 체력의 9% 위력으로 회복시킨다.,자신의 체력을 8.5초간 1초마다 마도서 체력의 13% 위력으로 회복시킨다.,0.09,0,0,,,,0.13,0,0,,,,,8.5,11,,tik
재생 III,active,hp,자신의 체력을 8.5초간 1초마다 마도서 체력의 11% 위력으로 회복시킨다.,자신의 체력을 8.5초간 1초마다 마도서 체력의 15% 위력으로 회복시킨다.,0.11,0,0,,,,0.15,0,0,,,,,8.5,11,,tik
재생 IV,active,hp,자신의 체력을 8.5초간 1초마다 마도서 체력의 13% 위력으로 회복시킨다.,자신의 체력을 8.5초간 1초마다 마도서 체력의 17% 위력으로 회복시킨다.,0.13,0,0,,,,0.17,0,0,,,,,8.5,11,,tik
재생 V,active,hp,자신의 체력을 8.5초간 1초마다 마도서 체력의 15% 위력으로 회복시킨다.,자신의 체력을 8.5초간 1초마다 마도서 체력의 19% 위력으로 회복시킨다.,0.15,0,0,,,,0.19,0,0,,,,,8.5,11,,tik
재생 VI,active,hp,자신의 체력을 8.5초간 1초마다 마도서 체력의 17% 위력으로 회복시킨다.,자신의 체력을 8.5초간 1초마다 마도서 체력의 21% 위력으로 회복시킨다.,0.17,0,0,,,,0.21,0,0,,,,,8.5,11,,tik
종소리 울려라,active,hp,"사용 시 마도서 체력의 140% 위력으로 공격하고, 12초간 적이 받는 피해를 1~1.8% 증가시킨다. 또한 모든 파티원의 마도서 정신력을 2% 증가시킨다.","사용 시 마도서 체력의 180% 위력으로 공격하고, 12초간 적이 받는 피해를 2~3.6% 증가시킨다. 또한 모든 파티원의 마도서 정신력을 2% 증가시킨다.",1.4,0.01,0.018,,0.000194,0.000582,1.8,0.02,0.036,,lea,lea,,,,,ski/bun/bun
철벽 I,active,hp,3.5초간 적에게 받는 피해를 17%만큼 감소시킨다.,3.5초간 적에게 받는 피해를 18.5%만큼 감소시킨다.,0.17,0,0,0.003961,,,0.185,0,0,lea,,,,3.5,8,1,inn
철벽 II,active,hp,3.5초간 적에게 받는 피해를 19%만큼 감소시킨다.,3.5초간 적에게 받는 피해를 22%만큼 감소시킨다.,0.19,0,0,0.003961,,,0.22,0,0,lea,,,,3.5,8,1,inn
철벽 III,active,hp,3.5초간 적에게 받는 피해를 21%만큼 감소시킨다.,3.5초간 적에게 받는 피해를 25.5%만큼 감소시킨다.,0.21,0,0,0.003961,,,0.255,0,0,lea,,,,3.5,8,1,inn
철벽 IV,active,hp,3.5초간 적에게 받는 피해를 23%만큼 감소시킨다.,3.5초간 적에게 받는 피해를 29%만큼 감소시킨다.,0.23,0,0,0.003961,,,0.29,0,0,lea,,,,3.5,8,1,inn
철벽 V,active,hp,3.5초간 적에게 받는 피해를 25%만큼 감소시킨다.,3.5초간 적에게 받는 피해를 32.5%만큼 감소시킨다.,0.25,0,0,0.003961,,,0.325,0,0,lea,,,,3.5,8,1,inn
철벽 VI,active,hp,3.5초간 적에게 받는 피해를 27%만큼 감소시킨다.,3.5초간 적에게 받는 피해를 36%만큼 감소시킨다.,0.27,0,0,0.003961,,,0.36,0,0,lea,,,,3.5,8,1,inn
회피 I,active,hp,"1.2초간 받는 모든 공격을 회피하고, 회피할 때마다 마도서 체력의 7% 만큼 체력을 회복한다","2.4초간 받는 모든 공격을 회피하고, 회피할 때마다 마도서 체력의 21% 만큼 체력을 회복한다",0.07,0,0,,,,0.21,0,0,,,,,2.4,32,1,hea
회피 II,active,hp,"1.4초간 받는 모든 공격을 회피하고, 회피할 때마다 마도서 체력의 9% 만큼 체력을 회복한다","3.1초간 받는 모든 공격을 회피하고, 회피할 때마다 마도서 체력의 25% 만큼 체력을 회복한다",0.09,0,0,,,,0.25,0,0,,,,,3.1,29,1,hea
회피 III,active,hp,"1.6초간 받는 모든 공격을 회피하고, 회피할 때마다 마도서 체력의 11% 만큼 체력을 회복한다","3.8초간 받는 모든 공격을 회피하고, 회피할 때마다 마도서 체력의 29% 만큼 체력을 회복한다",0.11,0,0,,,,0.29,0,0,,,,,3.8,26,1,hea
회피 IV,active,hp,"1.8초간 받는 모든 공격을 회피하고, 회피할 때마다 마도서 체력의 13% 만큼 체력을 회복한다","4.5초간 받는 모든 공격을 회피하고, 회피할 때마다 마도서 체력의 33% 만큼 체력을 회복한다",0.13,0,0,,,,0.33,0,0,,,,,4.5,23,1,hea
회피 V,active,hp,"2초간 받는 모든 공격을 회피하고, 회피할 때마다 마도서 체력의 15% 만큼 체력을 회복한다","5.2초간 받는 모든 공격을 회피하고, 회피할 때마다 마도서 체력의 37% 만큼 체력을 회복한다",0.15,0,0,,,,0.37,0,0,,,,,5.2,20,1,hea
회피 VI,active,hp,"2.2초간 받는 모든 공격을 회피하고, 회피할 때마다 마도서 체력의 16% 만큼 체력을 회복한다","5.9초간 받는 모든 공격을 회피하고, 회피할 때마다 마도서 체력의 39% 만큼 체력을 회복한다",0.16,0,0,,,,0.39,0,0,,,,,5.9,17,1,hea
Mercury,passive,spr,기본 공격 시 32.5% 확률로 10초간 2초마다 덱 정신력의 4.25% 위력으로 참회 효과를 준다.,기본 공격 시 42.5% 확률로 10초간 2초마다 덱 정신력의 6.5% 위력으로 참회 효과를 준다.,0.0425,0,0,0.0011,,,0.065,0,0,lea,,,42.5,5,6,,Rep
검은 개의 주시,passive,spr,회복 역할 스킬 사용 시 최대 체력을 초과한 회복량의 136%만큼 적에게 피해를 준다. 자신의 모든 마도서 정신력을 1.75%만큼 증가시킨다. ,회복 역할 스킬 사용 시 최대 체력을 초과한 회복량의 172%만큼 적에게 피해를 준다. 자신의 모든 마도서 정신력을 2.2%만큼 증가시킨다. ,1.36,0.0175,0,0.009856,,,1.72,0.022,0,lea,,,,,,,sin
격려 I,passive,spr,"모든 파티원의 마도서  공격력을 1.5%, 체력을 1.5%, 정신력을 2%, 증가시킨다.","모든 파티원의 마도서 공격력을 2.7%, 체력을 2.7%, 정신력을 5.4%, 증가시킨다.",0.015,0.015,0.02,0.000942,0.000942,0.001256,0.027,0.027,0.054,lea,lea,lea,,,,,Atk/Hp/Spr
격려 II,passive,spr,"모든 파티원의 마도서  공격력을 1.75%, 체력을 1.75%, 정신력을 3%, 증가시킨다.","모든 파티원의 마도서 공격력을 3%, 체력을 3%, 정신력을 6%, 증가시킨다.",0.0175,0.0175,0.03,0.000942,0.000942,0.001256,0.03,0.03,0.06,lea,lea,lea,,,,,Atk/Hp/Spr
격려 III,passive,spr,"모든 파티원의 마도서  공격력을 2%, 체력을 2%, 정신력을 4%, 증가시킨다.","모든 파티원의 마도서 공격력을 3.3%, 체력을 3.3%, 정신력을 6.6%, 증가시킨다.",0.02,0.02,0.04,0.000942,0.000942,0.001256,0.033,0.033,0.066,lea,lea,lea,,,,,Atk/Hp/Spr
격려 IV,passive,spr,"모든 파티원의 마도서  공격력을 2.25%, 체력을 2.25%, 정신력을 5%, 증가시킨다.","모든 파티원의 마도서 공격력을 3.6%, 체력을 3.6%, 정신력을 7.2%, 증가시킨다.",0.0225,0.0225,0.05,0.000942,0.000942,0.001256,0.036,0.036,0.072,lea,lea,lea,,,,,Atk/Hp/Spr
격려 V,passive,spr,"모든 파티원의 마도서  공격력을 2.5%, 체력을 2.5%, 정신력을 6%, 증가시킨다.","모든 파티원의 마도서 공격력을 3.9%, 체력을 3.9%, 정신력을 7.8%, 증가시킨다.",0.025,0.025,0.06,0.000942,0.000942,0.001256,0.039,0.039,0.078,lea,lea,lea,,,,,Atk/Hp/Spr
격려 VI,passive,spr,"모든 파티원의 마도서  공격력을 2.75%, 체력을 2.75%, 정신력을 7%, 증가시킨다.","모든 파티원의 마도서 공격력을 4.2%, 체력을 4.2%, 정신력을 8.4%, 증가시킨다.",0.0275,0.0275,0.07,0.000942,0.000942,0.001256,0.042,0.042,0.084,lea,lea,lea,,,,,Atk/Hp/Spr
기도 I,passive,spr,자신의 모든 마도서 정신력을 5.6%만큼 증가시킨다.,자신의 모든 마도서 정신력을 9%만큼 증가시킨다.,0.056,0,0,0.002418,,,0.09,0,0,lea,,,,,,,spr
기도 II,passive,spr,자신의 모든 마도서 정신력을 7.2%만큼 증가시킨다.,자신의 모든 마도서 정신력을 10.8%만큼 증가시킨다.,0.072,0,0,0.002418,,,0.108,0,0,lea,,,,,,,spr
기도 III,passive,spr,자신의 모든 마도서 정신력을 8.8%만큼 증가시킨다.,자신의 모든 마도서 정신력을 12%만큼 증가시킨다.,0.088,0,0,0.002418,,,0.12,0,0,lea,,,,,,,spr
기도 IV,passive,spr,자신의 모든 마도서 정신력을 10.4%만큼 증가시킨다.,자신의 모든 마도서 정신력을 13.2%만큼 증가시킨다.,0.104,0,0,0.002418,,,0.132,0,0,lea,,,,,,,spr
기도 V,passive,spr,자신의 모든 마도서 정신력을 12%만큼 증가시킨다.,자신의 모든 마도서 정신력을 15%만큼 증가시킨다.,0.12,0,0,0.002418,,,0.15,0,0,lea,,,,,,,spr
기도 VI,passive,spr,자신의 모든 마도서 정신력을 13%만큼 증가시킨다.,자신의 모든 마도서 정신력을 16.2%만큼 증가시킨다.,0.13,0,0,0.002418,,,0.162,0,0,lea,,,,,,,spr
매직 셔플: 드로우!,active,spr,2초마다 한 장씩 카드를 뽑아 적에게 최대 5장까지 제공한다. 스킬을 사용하면 카드의 조합에 따라 다양한 효과가 발동한다.,2초마다 한 장씩 카드를 뽑아 적에게 최대 5장까지 제공한다. 스킬을 사용하면 카드의 조합에 따라 다양한 효과가 발동한다.,0,0,0,,,,0,0,0,,,,,,5,1,
몽마의 키스,active,spr,"10초간 2초마다 마도서 정신력의 40% 위력으로 고정 피해를 주고, 피해량의 17% 만큼 체력을 흡수한다. 징벌 사용 시, 효과를 소모하고 현혹 효과를 건다.","10초간 2초마다 마도서 정신력의 65% 위력으로 고정 피해를 주고, 피해량의 17% 만큼 체력을 흡수한다. 징벌 사용 시, 효과를 소모하고 현혹 효과를 건다.",0.4,0.17,0,,,,0.65,0.17,0,,,,,5,8,,rep/dra
보호 II,active,spr,공격을 받는 파티원들에게 마도서 정신력 115% 위력의 보호막을 6초간 생성해준다.  (대상 파티원 수가 늘어나면 효과 감소),공격을 받는 파티원들에게 마도서 정신력 155% 위력의 보호막을 6초간 생성해준다. (대상 파티원 수가 늘어나면 효과 감소),1.15,0,0,,,,1.55,0,0,,,,,,10,,shi
보호 III,active,spr,공격을 받는 파티원들에게 마도서 정신력 130% 위력의 보호막을 6초간 생성해준다.  (대상 파티원 수가 늘어나면 효과 감소),공격을 받는 파티원들에게 마도서 정신력 170% 위력의 보호막을 6초간 생성해준다. (대상 파티원 수가 늘어나면 효과 감소),1.3,0,0,,,,1.7,0,0,,,,,,10,,shi
보호 IV,active,spr,공격을 받는 파티원들에게 마도서 정신력 145% 위력의 보호막을 6초간 생성해준다.  (대상 파티원 수가 늘어나면 효과 감소),공격을 받는 파티원들에게 마도서 정신력 185% 위력의 보호막을 6초간 생성해준다. (대상 파티원 수가 늘어나면 효과 감소),1.45,0,0,,,,1.85,0,0,,,,,,10,,shi
보호 V,active,spr,공격을 받는 파티원들에게 마도서 정신력 160% 위력의 보호막을 6초간 생성해준다.  (대상 파티원 수가 늘어나면 효과 감소),공격을 받는 파티원들에게 마도서 정신력 200% 위력의 보호막을 6초간 생성해준다. (대상 파티원 수가 늘어나면 효과 감소),1.6,0,0,,,,2,0,0,,,,,,10,,shi
보호 VI,active,spr,공격을 받는 파티원들에게 마도서 정신력 175% 위력의 보호막을 6초간 생성해준다.  (대상 파티원 수가 늘어나면 효과 감소),공격을 받는 파티원들에게 마도서 정신력 215% 위력의 보호막을 6초간 생성해준다. (대상 파티원 수가 늘어나면 효과 감소),1.75,0,0,,,,2.15,0,0,,,,,,10,,shi
분리수거,active,spr,"파티원 중 한 명의 능력치를 마도서 정신력의 100% 위력으로 10초간 강화한다. (방어-체력 / 공격-공격력 / 회복-정신력) 해당 파티원이 없을 경우, 효과는 무시된다.","파티원 중 한 명의 능력치를 마도서 정신력의 200% 위력으로 10초간 강화한다. (방어-체력 / 공격-공격력 / 회복-정신력) 해당 파티원이 없을 경우, 효과는 무시된다.",1,0,0,,,,2,0,0,,,,,,9,1,rec
신성 I,passive,spr,회복 역할 스킬 사용 시 최대 체력을 초과한 회복량의 60%만큼 적에게 피해를 준다.,회복 역할 스킬 사용 시 최대 체력을 초과한 회복량의 112%만큼 적에게 피해를 준다.,0.6,0,0,0.009856,,,1.12,0,0,lea,,,,,,,sin
신성 III,passive,spr,회복 역할 스킬 사용 시 최대 체력을 초과한 회복량의 100%만큼 적에게 피해를 준다.,회복 역할 스킬 사용 시 최대 체력을 초과한 회복량의 144%만큼 적에게 피해를 준다.,1,0,0,0.009856,,,1.44,0,0,lea,,,,,,,sin
신성 IV,passive,spr,회복 역할 스킬 사용 시 최대 체력을 초과한 회복량의 120%만큼 적에게 피해를 준다.,회복 역할 스킬 사용 시 최대 체력을 초과한 회복량의 160%만큼 적에게 피해를 준다.,1.2,0,0,0.009856,,,1.6,0,0,lea,,,,,,,sin
신성 V,passive,spr,회복 역할 스킬 사용 시 최대 체력을 초과한 회복량의 140%만큼 적에게 피해를 준다.,회복 역할 스킬 사용 시 최대 체력을 초과한 회복량의 176%만큼 적에게 피해를 준다.,1.4,0,0,0.009856,,,1.76,0,0,lea,,,,,,,sin
신성 VI,passive,spr,회복 역할 스킬 사용 시 최대 체력을 초과한 회복량의 145%만큼 적에게 피해를 준다.,회복 역할 스킬 사용 시 최대 체력을 초과한 회복량의 181%만큼 적에게 피해를 준다.,1.45,0,0,0.009856,,,1.81,0,0,lea,,,,,,,sin
심문 III,active,spr,"8초간 적의 회복 효과를 42%만큼 감소시키고, 10초간 2.5초마다 마도서 정신력의 28% 위력으로 고정 피해를 준다.","8초간 적의 회복 효과를 55%만큼 감소시키고, 10초간 2.5초마다 마도서 정신력의 45% 위력으로 고정 피해를 준다.",0.42,0.28,0,,,,0.55,0.45,0,,,,,4,10,1,rep
심문 IV,active,spr,"8초간 적의 회복 효과를 46%만큼 감소시키고, 10초간 2.5초마다 마도서 정신력의 31% 위력으로 고정 피해를 준다.","8초간 적의 회복 효과를 60%만큼 감소시키고, 10초간 2.5초마다 마도서 정신력의 50% 위력으로 고정 피해를 준다.",0.46,0.31,0,,,,0.6,0.5,0,,,,,4,10,1,rep
심문 V,active,spr,"8초간 적의 회복 효과를 50%만큼 감소시키고, 10초간 2.5초마다 마도서 정신력의 35% 위력으로 고정 피해를 준다.","8초간 적의 회복 효과를 65%만큼 감소시키고, 10초간 2.5초마다 마도서 정신력의 55% 위력으로 고정 피해를 준다.",0.5,0.35,0,,,,0.65,0.55,0,,,,,4,10,1,rep
심문 VI,active,spr,"8초간 적의 회복 효과를 54%만큼 감소시키고, 10초간 2.5초마다 마도서 정신력의 39% 위력으로 고정 피해를 준다.","8초간 적의 회복 효과를 70%만큼 감소시키고, 10초간 2.5초마다 마도서 정신력의 60% 위력으로 고정 피해를 준다.",0.54,0.39,0,,,,0.7,0.6,0,,,,,4,10,1,rep
아르카나,active,spr,60% 확률로 마도서 정신력의 100% 만큼 정신력과 공격력을 10초간 증가시키는 버프를 파티원에게 걸어준다. 또는 40% 확률로 다른 효과가 발동한다.,60% 확률로 마도서 정신력의 225% 만큼 정신력과 공격력을 10초간 증가시키는 버프를 파티원에게 걸어준다. 또는 40% 확률로 다른 효과가 발동한다.,1,0,0,,,,2.25,0,0,,,,,,10,1,arc
안위 I,passive,spr,"자신의 모든 마도서 공격력을 2%, 체력을 2%, 정신력을 2%, 증가시킨다.","자신의 모든 마도서 공격력을 5.4%, 체력을 5.4%, 정신력을 5.4%, 증가시킨다.",0.02,0.02,0.02,0.001256,0.001256,0.001256,0.054,0.054,0.054,lea,lea,lea,,,,,atk/hp/spr
안위 II,passive,spr,"자신의 모든 마도서 공격력을 3%, 체력을 3%, 정신력을 3%, 증가시킨다.","자신의 모든 마도서 공격력을 6%, 체력을 6%, 정신력을 6%, 증가시킨다.",0.03,0.03,0.03,0.001256,0.001256,0.001256,0.06,0.06,0.06,lea,lea,lea,,,,,atk/hp/spr
안위 III,passive,spr,"자신의 모든 마도서 공격력을 4%, 체력을 4%, 정신력을 4%, 증가시킨다.","자신의 모든 마도서 공격력을 6.6%, 체력을 6.6%, 정신력을 6.6%, 증가시킨다.",0.04,0.04,0.04,0.001256,0.001256,0.001256,0.066,0.066,0.066,lea,lea,lea,,,,,atk/hp/spr
안위 IV,passive,spr,"자신의 모든 마도서 공격력을 5%, 체력을 5%, 정신력을 5%, 증가시킨다.","자신의 모든 마도서 공격력을 7.2%, 체력을 7.2%, 정신력을 7.2%, 증가시킨다.",0.05,0.05,0.05,0.001256,0.001256,0.001256,0.072,0.072,0.072,lea,lea,lea,,,,,atk/hp/spr
안위 V,passive,spr,"자신의 모든 마도서 공격력을 6%, 체력을 6%, 정신력을 6%, 증가시킨다.","자신의 모든 마도서 공격력을 7.8%, 체력을 7.8%, 정신력을 7.8%, 증가시킨다.",0.06,0.06,0.06,0.001256,0.001256,0.001256,0.078,0.078,0.078,lea,lea,lea,,,,,atk/hp/spr
요정의 반향,active,spr,파티원의 체력이 낮은 순서대로 마도서 정신력의 43/34/27/22/18/14/11%만큼 7번 연속해서 회복시킨다. 같은 대상에게 중복 회복 시 효과가 감소한다.,파티원의 체력이 낮은 순서대로 마도서 정신력의 85/68/54/44/35/28/22% 만큼 7번 연속해서 회복시킨다. 같은 대상에게 중복 회복 시 효과가 감소한다.,0.43,0.34,0.27,0.22,0.18,0.14,0.85,0.68,0.54,0.44,0.35,0.28,0.11,0.22,10,,fai
우정 I,active,spr,모든 파티원의 체력을 마도서 정신력의 40% 위력으로 회복시킨다.,모든 파티원의 체력을 마도서 정신력의 53% 위력으로 회복시킨다.,0.4,0,0,,,,0.53,0,0,,,,,,12.5,,hea
우정 II,active,spr,모든 파티원의 체력을 마도서 정신력의 46% 위력으로 회복시킨다.,모든 파티원의 체력을 마도서 정신력의 61% 위력으로 회복시킨다.,0.46,0,0,,,,0.61,0,0,,,,,,12.5,,hea
우정 III,active,spr,모든 파티원의 체력을 마도서 정신력의 52% 위력으로 회복시킨다.,모든 파티원의 체력을 마도서 정신력의 69% 위력으로 회복시킨다.,0.52,0,0,,,,0.69,0,0,,,,,,12.5,,hea
우정 IV,active,spr,모든 파티원의 체력을 마도서 정신력의 58% 위력으로 회복시킨다.,모든 파티원의 체력을 마도서 정신력의 77% 위력으로 회복시킨다.,0.58,0,0,,,,0.77,0,0,,,,,,12.5,,hea
우정 V,active,spr,모든 파티원의 체력을 마도서 정신력의 64% 위력으로 회복시킨다.,모든 파티원의 체력을 마도서 정신력의 85% 위력으로 회복시킨다.,0.64,0,0,,,,0.85,0,0,,,,,,12.5,,hea
우정 VI,active,spr,모든 파티원의 체력을 마도서 정신력의 70% 위력으로 회복시킨다.,모든 파티원의 체력을 마도서 정신력의 98% 위력으로 회복시킨다.,0.7,0,0,,,,0.98,0,0,,,,,,12.5,,hea
정화 I,active,spr,모든 파티원의 상태이상 효과를 1개 해제한다.,모든 파티원의 상태이상 효과를 1개 해제한다.,0,0,0,,,,0,0,0,,,,,,20,1,
정화 II,active,spr,모든 파티원의 상태이상 효과를 1개 해제한다.,모든 파티원의 상태이상 효과를 1개 해제한다.,0,0,0,,,,0,0,0,,,,,,17.5,1,
정화 III,active,spr,모든 파티원의 상태이상 효과를 1개 해제한다.,모든 파티원의 상태이상 효과를 1개 해제한다.,0,0,0,,,,0,0,0,,,,,,15,1,
정화 IV,active,spr,모든 파티원의 상태이상 효과를 1개 해제한다.,모든 파티원의 상태이상 효과를 1개 해제한다.,0,0,0,,,,0,0,0,,,,,,12,1,
정화 V,active,spr,모든 파티원의 상태이상 효과를 1개 해제한다.,모든 파티원의 상태이상 효과를 1개 해제한다.,0,0,0,,,,0,0,0,,,,,,9,1,
정화 VI,active,spr,"모든 파티원의 마도서 공격력을 n%, 체력을 n%, 정신력을 N%, 증가시키며, 사용 시 모든 파티원의 상태이상 효과를 1개 해제한다.","모든 파티원의 마도서 공격력을 n%, 체력을 n%, 정신력을 N%, 증가시키며, 사용 시 모든 파티원의 상태이상 효과를 1개 해제한다.",0,0,0,0.000234,0.000234,0.000367,0,0,0,0.000525,0.000525,0.000825,,,9,1,Atk/Hp/Spr
조작 III,active,spr,"10분간 마도서 정신력의 6%만큼 모든 마도서의 공격력을, 12%만큼 정신력을 상승시키는 효과를 모든 파티원에게 걸어준다.","10분간 마도서 정신력의 8%만큼 모든 마도서의 공격력을, 16%만큼 정신력을 상승시키는 효과를 모든 파티원에게 걸어준다.",0.06,0.12,0,,,,0.08,0.16,0,,,,,,8,,Atk/Spr
조작 IV,active,spr,"10분간 마도서 정신력의 8%만큼 모든 마도서의 공격력을, 16%만큼 정신력을 상승시키는 효과를 모든 파티원에게 걸어준다.","10분간 마도서 정신력의 10%만큼 모든 마도서의 공격력을, 20%만큼 정신력을 상승시키는 효과를 모든 파티원에게 걸어준다.",0.08,0.16,0,,,,0.1,0.2,0,,,,,,8,,Atk/Spr
조작 V,active,spr,"10분간 마도서 정신력의 10%만큼 모든 마도서의 공격력을, 20%만큼 정신력을 상승시키는 효과를 모든 파티원에게 걸어준다.","10분간 마도서 정신력의 12%만큼 모든 마도서의 공격력을, 24%만큼 정신력을 상승시키는 효과를 모든 파티원에게 걸어준다.",0.1,0.2,0,,,,0.12,0.24,0,,,,,,8,,Atk/Spr
징벌 I,active,spr,"대상에 걸려있는 참회를 소모하여 참회가 줄 수 있는 총 피해의 80% 위력으로 공격하고, 입힌 피해의 45% 위력으로 가장 낮은 체력을 지닌 파티원을 회복시킨다.","대상에 걸려있는 참회를 소모하여 참회가 줄 수 있는 총 피해의 112% 위력으로 공격하고, 입힌 피해의 44% 위력으로 가장 낮은 체력을 지닌 파티원을 회복시킨다.",0.8,0.45,0,0.009546,,,1.12,0.44,0,lea,,,,,15,1,jin
징벌 II,active,spr,"대상에 걸려있는 참회를 소모하여 참회가 줄 수 있는 총 피해의 90% 위력으로 공격하고, 입힌 피해의 45% 위력으로 가장 낮은 체력을 지닌 파티원을 회복시킨다.","대상에 걸려있는 참회를 소모하여 참회가 줄 수 있는 총 피해의 124% 위력으로 공격하고, 입힌 피해의 44% 위력으로 가장 낮은 체력을 지닌 파티원을 회복시킨다.",0.9,0.45,0,0.009546,,,1.24,0.44,0,lea,,,,,15,1,jin
징벌 III,active,spr,"대상에 걸려있는 참회를 소모하여 참회가 줄 수 있는 총 피해의 100% 위력으로 공격하고, 입힌 피해의 45% 위력으로 가장 낮은 체력을 지닌 파티원을 회복시킨다.","대상에 걸려있는 참회를 소모하여 참회가 줄 수 있는 총 피해의 136% 위력으로 공격하고, 입힌 피해의 44% 위력으로 가장 낮은 체력을 지닌 파티원을 회복시킨다.",1,0.45,0,0.009546,,,1.36,0.44,0,lea,,,,,15,1,jin
징벌 IV,active,spr,"대상에 걸려있는 참회를 소모하여 참회가 줄 수 있는 총 피해의 110% 위력으로 공격하고, 입힌 피해의 45% 위력으로 가장 낮은 체력을 지닌 파티원을 회복시킨다.","대상에 걸려있는 참회를 소모하여 참회가 줄 수 있는 총 피해의 148% 위력으로 공격하고, 입힌 피해의 44% 위력으로 가장 낮은 체력을 지닌 파티원을 회복시킨다.",1.1,0.45,0,0.009546,,,1.48,0.44,0,lea,,,,,15,1,jin
징벌 V,active,spr,"대상에 걸려있는 참회를 소모하여 참회가 줄 수 있는 총 피해의 120% 위력으로 공격하고, 입힌 피해의 45% 위력으로 가장 낮은 체력을 지닌 파티원을 회복시킨다.","대상에 걸려있는 참회를 소모하여 참회가 줄 수 있는 총 피해의 160% 위력으로 공격하고, 입힌 피해의 44% 위력으로 가장 낮은 체력을 지닌 파티원을 회복시킨다.",1.2,0.45,0,0.009546,,,1.6,0.44,0,lea,,,,,15,1,jin
징벌 VI,active,spr,"대상에 걸려있는 참회를 소모하여 참회가 줄 수 있는 총 피해의 122% 위력으로 공격하고, 입힌 피해의 45% 위력으로 가장 낮은 체력을 지닌 파티원을 회복시킨다.","대상에 걸려있는 참회를 소모하여 참회가 줄 수 있는 총 피해의 162% 위력으로 공격하고, 입힌 피해의 44% 위력으로 가장 낮은 체력을 지닌 파티원을 회복시킨다.",1.22,0.45,0,0.009546,,,1.62,0.44,0,lea,,,,,15,1,jin
참회 I,active,spr,10초간 2초마다 마도서 정신력의 30% 위력으로 고정 피해를 준다.,10초간 2초마다 마도서 정신력의 40% 위력으로 고정 피해를 준다.,0.3,0,0,,,,0.4,0,0,,,,,5,8,,rep
참회 II,active,spr,10초간 2초마다 마도서 정신력의 35% 위력으로 고정 피해를 준다.,10초간 2초마다 마도서 정신력의 45% 위력으로 고정 피해를 준다.,0.35,0,0,,,,0.45,0,0,,,,,5,8,,rep
참회 III,active,spr,10초간 2초마다 마도서 정신력의 40% 위력으로 고정 피해를 준다.,10초간 2초마다 마도서 정신력의 50% 위력으로 고정 피해를 준다.,0.4,0,0,,,,0.5,0,0,,,,,5,8,,rep
참회 IV,active,spr,10초간 2초마다 마도서 정신력의 45% 위력으로 고정 피해를 준다.,10초간 2초마다 마도서 정신력의 55% 위력으로 고정 피해를 준다.,0.45,0,0,,,,0.55,0,0,,,,,5,8,,rep
참회 V,active,spr,10초간 2초마다 마도서 정신력의 50% 위력으로 고정 피해를 준다.,10초간 2초마다 마도서 정신력의 60% 위력으로 고정 피해를 준다.,0.5,0,0,,,,0.6,0,0,,,,,5,8,,rep
참회 VI,active,spr,10초간 2초마다 마도서 정신력의 55% 위력으로 고정 피해를 준다.,10초간 2초마다 마도서 정신력의 65% 위력으로 고정 피해를 준다.,0.55,0,0,,,,0.65,0,0,,,,,5,8,,rep
치료 I,active,spr,가장 낮은 체력을 지닌 파티원을 마도서 정신력의 27% 위력으로 회복시킨다.,가장 낮은 체력을 지닌 파티원을 마도서 정신력의 41% 위력으로 회복시킨다.,0.27,0,0,,,,0.41,0,0,,,,,,4,,hea
치료 II,active,spr,가장 낮은 체력을 지닌 파티원을 마도서 정신력의 31.5% 위력으로 회복시킨다.,가장 낮은 체력을 지닌 파티원을 마도서 정신력의 45.5% 위력으로 회복시킨다.,0.315,0,0,,,,0.455,0,0,,,,,,4,,hea
치료 III,active,spr,가장 낮은 체력을 지닌 파티원을 마도서 정신력의 36% 위력으로 회복시킨다.,가장 낮은 체력을 지닌 파티원을 마도서 정신력의 50% 위력으로 회복시킨다.,0.36,0,0,,,,0.5,0,0,,,,,,4,,hea
치료 IV,active,spr,가장 낮은 체력을 지닌 파티원을 마도서 정신력의 40.5% 위력으로 회복시킨다.,가장 낮은 체력을 지닌 파티원을 마도서 정신력의 54.5% 위력으로 회복시킨다.,0.405,0,0,,,,0.545,0,0,,,,,,4,,hea
치료 V,active,spr,가장 낮은 체력을 지닌 파티원을 마도서 정신력의 45% 위력으로 회복시킨다.,가장 낮은 체력을 지닌 파티원을 마도서 정신력의 59% 위력으로 회복시킨다.,0.45,0,0,,,,0.59,0,0,,,,,,4,,hea
치료 VI,active,spr,가장 낮은 체력을 지닌 파티원을 마도서 정신력의 49.5% 위력으로 회복시킨다.,가장 낮은 체력을 지닌 파티원을 마도서 정신력의 63.5% 위력으로 회복시킨다.,0.495,0,0,,,,0.635,0,0,,,,,,4,,hea
치유 I,active,spr,체력이 가장 낮은 파티원을 마도서 정신력의 100% 위력으로 회복시킨다.,체력이 가장 낮은 파티원을 마도서 정신력의 140% 위력으로 회복시킨다.,1,0,0,,,,1.4,0,0,,,,,,13,,hea
치유 II,active,spr,체력이 가장 낮은 파티원을 마도서 정신력의 115% 위력으로 회복시킨다.,체력이 가장 낮은 파티원을 마도서 정신력의 155% 위력으로 회복시킨다.,1.15,0,0,,,,1.55,0,0,,,,,,13,,hea
치유 III,active,spr,체력이 가장 낮은 파티원을 마도서 정신력의 130% 위력으로 회복시킨다.,체력이 가장 낮은 파티원을 마도서 정신력의 170% 위력으로 회복시킨다.,1.3,0,0,,,,1.7,0,0,,,,,,13,,hea
치유 IV,active,spr,체력이 가장 낮은 파티원을 마도서 정신력의 145% 위력으로 회복시킨다.,체력이 가장 낮은 파티원을 마도서 정신력의 185% 위력으로 회복시킨다.,1.45,0,0,,,,1.85,0,0,,,,,,13,,hea
치유 V,active,spr,체력이 가장 낮은 파티원을 마도서 정신력의 160% 위력으로 회복시킨다.,체력이 가장 낮은 파티원을 마도서 정신력의 200% 위력으로 회복시킨다.,1.6,0,0,,,,2,0,0,,,,,,13,,hea
치유 VI,active,spr,체력이 가장 낮은 파티원을 마도서 정신력의 175% 위력으로 회복시킨다.,체력이 가장 낮은 파티원을 마도서 정신력의 215% 위력으로 회복시킨다.,1.75,0,0,,,,2.15,0,0,,,,,,13,,hea
친목 III,active,spr,모든 파티원의 체력을 마도서 정신력의 11% 위력으로 회복시킨다.,모든 파티원의 체력을 마도서 정신력의 23% 위력으로 회복시킨다.,0.11,0,0,,,,0.23,0,0,,,,,,5,,hea
친목 IV,active,spr,모든 파티원의 체력을 마도서 정신력의 13% 위력으로 회복시킨다.,모든 파티원의 체력을 마도서 정신력의 26% 위력으로 회복시킨다.,0.13,0,0,,,,0.26,0,0,,,,,,5,,hea
친목 V,active,spr,모든 파티원의 체력을 마도서 정신력의 15% 위력으로 회복시킨다.,모든 파티원의 체력을 마도서 정신력의 29% 위력으로 회복시킨다.,0.15,0,0,,,,0.29,0,0,,,,,,5,,hea
평안 I,passive,spr,회복 역할 스킬로 체력 회복 시 대상에게 8초간 1초마다 회복량의 1.4%만큼 추가 회복시킨다.,회복 역할 스킬로 체력 회복 시 대상에게 8초간 1초마다 회복량의 1.75%만큼 추가 회복시킨다.,0.014,0,0,0.00024,,,0.0175,0,0,lea,,,,8,,,pye
평안 II,passive,spr,회복 역할 스킬로 체력 회복 시 대상에게 8초간 1초마다 회복량의 1.6%만큼 추가 회복시킨다.,회복 역할 스킬로 체력 회복 시 대상에게 8초간 1초마다 회복량의 1.95%만큼 추가 회복시킨다.,0.016,0,0,0.00024,,,0.0195,0,0,lea,,,,8,,,pye
평안 III,passive,spr,회복 역할 스킬로 체력 회복 시 대상에게 8초간 1초마다 회복량의 1.8%만큼 추가 회복시킨다.,회복 역할 스킬로 체력 회복 시 대상에게 8초간 1초마다 회복량의 2.15%만큼 추가 회복시킨다.,0.018,0,0,0.00024,,,0.0215,0,0,lea,,,,8,,,pye
평안 IV,passive,spr,회복 역할 스킬로 체력 회복 시 대상에게 8초간 1초마다 회복량의 2%만큼 추가 회복시킨다.,회복 역할 스킬로 체력 회복 시 대상에게 8초간 1초마다 회복량의 2.4%만큼 추가 회복시킨다.,0.02,0,0,0.00024,,,0.024,0,0,lea,,,,8,,,pye
평안 V,passive,spr,회복 역할 스킬로 체력 회복 시 대상에게 8초간 1초마다 회복량의 2.2%만큼 추가 회복시킨다.,회복 역할 스킬로 체력 회복 시 대상에게 8초간 1초마다 회복량의 2.6%만큼 추가 회복시킨다.,0.022,0,0,0.00024,,,0.026,0,0,lea,,,,8,,,pye
해제 I,active,spr,적의 이로운 효과를 1개 해제한다.,적의 이로운 효과를 1개 해제한다.,0,0,0,,,,0,0,0,,,,,,16,1,
해제 II,active,spr,적의 이로운 효과를 1개 해제한다.,적의 이로운 효과를 1개 해제한다.,0,0,0,,,,0,0,0,,,,,,14,1,
해제 III,active,spr,적의 이로운 효과를 1개 해제한다.,적의 이로운 효과를 1개 해제한다.,0,0,0,,,,0,0,0,,,,,,12,1,
해제 IV,active,spr,적의 이로운 효과를 1개 해제한다.,적의 이로운 효과를 1개 해제한다.,0,0,0,,,,0,0,0,,,,,,9.5,1,
해제 V,active,spr,적의 이로운 효과를 1개 해제한다.,적의 이로운 효과를 1개 해제한다.,0,0,0,,,,0,0,0,,,,,,7,1,
해제 VI,active,spr,"모든 파티원의 마도서 공격력을 n%, 체력을 n%, 정신력을 N%, 증가시키며, 사용 시 적의 이로운 효과를 1개 해제한다.","모든 파티원의 마도서 공격력을 n%, 체력을 n%, 정신력을 N%, 증가시키며, 사용 시 적의 이로운 효과를 1개 해제한다.",0,0,0,0.000234,0.000234,0.000367,0,0,0,0.000525,0.000525,0.000825,,,7,1,Atk/Hp/Spr
회개 I,passive,spr,기본 공격 시 35% 확률로 10초간 2초마다 덱 정신력의 2% 위력으로 참회 효과를 준다.,기본 공격 시 35% 확률로 10초간 2초마다 덱 정신력의 3.6% 위력으로 참회 효과를 준다.,0.02,0,0,0.000998,,,0.036,0,0,lea,,,,5,6,,Rep
회개 III,passive,spr,기본 공격 시 35% 확률로 10초간 2초마다 덱 정신력의 3% 위력으로 참회 효과를 준다.,기본 공격 시 40% 확률로 10초간 2초마다 덱 정신력의 4.8% 위력으로 참회 효과를 준다.,0.03,0,0,0.000998,,,0.048,0,0,lea,,,,5,6,,Rep
회개 IV,passive,spr,기본 공격 시 35% 확률로 10초간 2초마다 덱 정신력의 3.5% 위력으로 참회 효과를 준다.,기본 공격 시 42.5% 확률로 10초간 2초마다 덱 정신력의 5.4% 위력으로 참회 효과를 준다.,0.035,0,0,0.000998,,,0.054,0,0,lea,,,,5,6,,Rep
회개 V,passive,spr,기본 공격 시 35% 확률로 10초간 2초마다 덱 정신력의 4% 위력으로 참회 효과를 준다.,기본 공격 시 45% 확률로 10초간 2초마다 덱 정신력의 6% 위력으로 참회 효과를 준다.,0.04,0,0,0.000998,,,0.06,0,0,lea,,,,5,6,,Rep
